pattern,frequency
beautiful_places,5
largest_mosque,3
famous_places,3
beautiful_view,3
national_park,3
local_sim,3
northern_part,2
best_time,2
good_restaurants,2
popular_picnic,2
best_places,2
natural_beauty,2
important_tourist,2
amazing_things,2
complete_travel,2
complete_hiking,2
top_pick,2
hottest_time,1
hot_seasons,1
many_tourists,1
best_months,1
green_city,1
single_city,1
various_areas,1
main_shopping,1
different_budgets,1
convenient_way,1
local_guide,1
unique_mosque,1
main_hall,1
impressive_landmark,1
national_museum,1
amazing_monument,1
whole_monument,1
amazing_photos,1
top_things,1
modern_side,1
local_dishes,1
wild_boars,1
major_bookstores,1
short_walk,1
persian_words,1
great_view,1
better_look,1
local_families,1
wild_monkeys,1
nice_restaurant,1
soft_drink,1
busiest_street,1
modern_city,1
great_time,1
small_commission,1
latest_stories,1
new_adventures,1
scenic_views,1
best_design,1
turkish_architecture,1
best_attraction,1
popular_destination,1
common_sight,1
high_hills,1
highest_point,1
different_artifacts,1
several_exhibition,1
classical_melodies,1
old_town,1
modern_century,1
national_monument,1
patriotic_structure,1
shaped_structure,1
historic_village,1
great_personalities,1
largest_birdcage,1
different_locations,1
green_trees,1
natural_habitat,1
old_trails,1
beautiful_insight,1
ancient_country,1
rare_collection,1
large_gardens,1
rare_botany,1
beautiful_water,1
major_leaders,1
gorgeous_capital,1
likely_chance,1
best_things,1
spacious_park,1
several_vans,1
indoor_exhibitions,1
conservative_country,1
western_food,1
best_naan,1
better_view,1
small_carnival,1
best_times,1
good_reason,1
typical_dome,1
natural_light,1
spiritual_moments,1
pakistani_city,1
vast_network,1
green_vegetation,1
loud_noises,1
old_city,1
terrible_traffic,1
big_difference,1
good_times,1
daily_budgets,1
global_esim,1
entire_process,1
certain_countries,1
upcoming_trip,1
possible_hiking,1
breathable_shirts,1
breathable_shorts,1
good_camera,1
total_game,1
universal_adapter,1
everyday_camera,1
large_backpack,1
excellent_weight,1
new_airport,1
great_options,1
cheapest_flights,1
fewer_headaches,1
beautiful_city,1
highest_mountain,1
great_hike,1
beautiful_valleys,1
perfect_base,1
awesome_things,1
handy_info,1
great_country,1
first_time,1
good_idea,1
wonderful_country,1
remote_places,1
nice_article,1
northern_areas,1
old_counterparts,1
green_mountain,1
adventurous_excursion,1
private_transportation,1
public_transport,1
frequent_visitors,1
british_troops,1
longer_journeys,1
sensible_choice,1
luxurious_option,1
perfect_getaway,1
usual_itinerary,1
green_meadows,1
proper_road,1
great_camping,1
rough_track,1
conventional_lodgings,1
comfortable_stay,1
popular_choice,1
public_transportation,1
cellular_network,1
pakistani_government,1
first_stop,1
private_transport,1
personal_preferences,1
best_option,1
french_cottages,1
english_fa,1
complete_pakistan,1
daman-e-koh_viewpoint,1
itinerary_map,1
serena_hotel,1
full_day,1
historical_peshawar,1
daily_budget,1
reliable_wifi,1
sim_card,1
atmos_ag,1
golden_triangle,1
top_muhammad,1
stunning_neelum,1
delicious_yahoo,1
buffer_reddit,1
